<?xml version="1.0"?>

<!--
  - dublin-core-types.xml
  -
  - Version:  $Revision$
  -
  - Date:     $Date$
  -
  - Initial contents for Dublin Core type registry.  Once the registry has
  - been loaded, this file becomes obsolete; the current version of the
  - registry must be read from the database.
  - Use org.dspace.content.MetadataSchema, org.dspace.content.MetadataField, org.dspace.content.MetadataValue instead.
  - Omit <qualifier> tags for unqualified elements
  - 
  - <dc-type>
  -   <schema></schema>
  -   <element></element>
  -   <qualifier></qualifier>
  -   <scope_note></scope_note>
  - </dc-type>
  -->

<!-- start of XML -->

<dspace-dc-types>

  <dspace-header>
    <title>DSpace Dublin Core Types Registry</title>
    <contributor.author>Patsy Baudoin</contributor.author>
    <contributor.author>Margret Branschofsky</contributor.author>
    <contributor.author>Dan Chudnov</contributor.author>
    <contributor.author>Joan Kolias</contributor.author>
    <contributor.author>Rebecca Lubas</contributor.author>
    <contributor.author>Sarah Mitchell</contributor.author>
    <contributor.editor>$Author$</contributor.editor>
    <date.created>$Date$</date.created>
    <description>
      $Log$
      Revision 1.5  2006/10/18 15:38:34  cjuergen
      (Claudia Juergen)
      config/registries/dublin-core-types.xml replaced deprecated reference to org.dspace.administer.DCType.java  with the reference to the appropriate org.dspace.content.Metadata... classes

      Revision 1.4  2005/11/16 21:40:52  rtansley
      (Martin Hald, Larry Stone, Robert Tansley)
      - Support for multiple (flat) metadata schemas
      NOTE: Still some items to do

      Revision 1.3  2002/11/01 13:28:47  rtansley
      Added new bitstream formats.
      Added comments indicating which formats and DC types are needed by the system
      to function.

      Revision 1.2  2002/10/21 09:29:31  rtansley
      Updated DC type registry and submission UI to include "identifier.citation",
      "publisher", and "type".  Simple item display also includes those fields.

      Revision 1.1  2002/05/16 20:11:57  rtansley
      Registries ported from DSpace early-adopters-2.

      Revision 1.12  2002/01/24 21:49:38  dchud
      Many changes; changed subject.keyword to .other, added description.statementofresponsibility, fixed spelling and updated scope notes

      Revision 1.11  2001/11/27 16:00:04  dstuve
      added subject_mesh for importing - should we keep this?

      Revision 1.10  2001/11/02 17:57:35  dchud
      Added identifier.citation

      Revision 1.9  2001/10/22 18:09:17  dchud
      Removed contributor.translator mistakenly left in. :(

      Revision 1.8  2001/10/18 20:35:31  dchud
      Changed contributor qualifiers and added relation.ispartofseries

      Revision 1.7  2001/10/10 17:54:15  dchud
      added all authors.

      Revision 1.6  2001/10/10 17:22:55  dchud
      (hopefully) fixed cvs keyword Log to expand in tags properly.

    </description>
    <description.version>$Revision$</description.version>
  </dspace-header>

  <dc-schema>
          <name>dc</name>
          <namespace>http://dublincore.org/documents/dcmi-terms/</namespace>
  </dc-schema>

  <dc-type>
	<schema>dc</schema>
    <element>contributor</element>
    <!-- unqualified -->
    <scope_note>A person, organization, or service responsible for the content of the resource.  Catch-all for unspecified contributors.</scope_note>
  </dc-type>

  <dc-type>
	<schema>dc</schema>
    <element>contributor</element>
    <qualifier>advisor</qualifier>
    <scope_note>Use primarily for thesis advisor.</scope_note>
  </dc-type>

  <!-- Used by system: do not remove -->
  <dc-type>
	<schema>dc</schema>
    <element>contributor</element>
    <qualifier>author</qualifier>
    <scope_note></scope_note>
  </dc-type>

  <dc-type>
	<schema>dc</schema>
    <element>contributor</element>
    <qualifier>editor</qualifier>
    <scope_note></scope_note>
  </dc-type>

  <dc-type>
	<schema>dc</schema>
    <element>contributor</element>
    <qualifier>illustrator</qualifier>
    <scope_note></scope_note>
  </dc-type>

  <dc-type>
	<schema>dc</schema>
    <element>contributor</element>
    <qualifier>other</qualifier>
    <scope_note></scope_note>
  </dc-type>

  <dc-type>
	<schema>dc</schema>
    <element>coverage</element>
    <qualifier>spatial</qualifier>
    <scope_note>Spatial characteristics of content.</scope_note>
  </dc-type>

  <dc-type>
	<schema>dc</schema>
    <element>coverage</element>
    <qualifier>temporal</qualifier>
    <scope_note>Temporal characteristics of content.</scope_note>
  </dc-type>

  <dc-type>
	<schema>dc</schema>
    <element>creator</element>
    <!-- unqualified -->
    <scope_note>Do not use; only for harvested metadata.</scope_note>
  </dc-type>

  <dc-type>
	<schema>dc</schema>
    <element>date</element>
    <!-- unqualified -->
    <scope_note>Use qualified form if possible.</scope_note>
  </dc-type>

  <!-- Used by system: do not remove -->
  <dc-type>
	<schema>dc</schema>
    <element>date</element>
    <qualifier>accessioned</qualifier>
    <scope_note>Date DSpace takes possession of item.</scope_note>
  </dc-type>

  <!-- Used by system: do not remove -->
  <dc-type>
	<schema>dc</schema>
    <element>date</element>
    <qualifier>available</qualifier>
    <scope_note>Date or date range item became available to the public.</scope_note>
  </dc-type>

  <dc-type>
	<schema>dc</schema>
    <element>date</element>
    <qualifier>copyright</qualifier>
    <scope_note>Date of copyright.</scope_note>
  </dc-type>

  <dc-type>
	<schema>dc</schema>
    <element>date</element>
    <qualifier>created</qualifier>
    <scope_note>Date of creation or manufacture of intellectual content if different from date.issued.</scope_note>
  </dc-type>

  <!-- Used by system: do not remove -->
  <dc-type>
	<schema>dc</schema>
    <element>date</element>
    <qualifier>issued</qualifier>
    <scope_note>Date of publication or distribution.</scope_note>
  </dc-type>

  <dc-type>
	<schema>dc</schema>
    <element>date</element>
    <qualifier>submitted</qualifier>
    <scope_note>Recommend for theses/dissertations.</scope_note>
  </dc-type>

  <dc-type>
	<schema>dc</schema>
    <element>identifier</element>
    <!-- unqualified -->
    <scope_note>Catch-all for unambiguous identifiers not defined by
    qualified form; use identifier.other for a known identifier common
    to a local collection instead of unqualified form.</scope_note>
  </dc-type>

  <!-- Used by system: do not remove -->
  <dc-type>
	<schema>dc</schema>
    <element>identifier</element>
    <qualifier>citation</qualifier>
    <scope_note>Human-readable, standard bibliographic citation 
    of non-DSpace format of this item</scope_note>
  </dc-type>

  <!-- Used by system: do not remove -->
  <dc-type>
	<schema>dc</schema>
    <element>identifier</element>
    <qualifier>govdoc</qualifier>
    <scope_note>A government document number</scope_note>
  </dc-type>

  <!-- Used by system: do not remove -->
  <dc-type>
	<schema>dc</schema>
    <element>identifier</element>
    <qualifier>isbn</qualifier>
    <scope_note>International Standard Book Number</scope_note>
  </dc-type>

  <!-- Used by system: do not remove -->
  <dc-type>
	<schema>dc</schema>
    <element>identifier</element>
    <qualifier>issn</qualifier>
    <scope_note>International Standard Serial Number</scope_note>
  </dc-type>

  <dc-type>
	<schema>dc</schema>
    <element>identifier</element>
    <qualifier>sici</qualifier>
    <scope_note>Serial Item and Contribution Identifier</scope_note>
  </dc-type>

  <!-- Used by system: do not remove -->
  <dc-type>
	<schema>dc</schema>
    <element>identifier</element>
    <qualifier>ismn</qualifier>
    <scope_note>International Standard Music Number</scope_note>
  </dc-type>

  <!-- Used by system: do not remove -->
  <dc-type>
	<schema>dc</schema>
    <element>identifier</element>
    <qualifier>other</qualifier>
    <scope_note>A known identifier type common to a local collection.</scope_note>
  </dc-type>

  <!-- Used by system: do not remove -->
  <dc-type>
	<schema>dc</schema>
    <element>identifier</element>
    <qualifier>uri</qualifier>
    <scope_note>Uniform Resource Identifier</scope_note>
  </dc-type>

  <!-- Used by system: do not remove -->
  <dc-type>
	<schema>dc</schema>
    <element>description</element>
    <!-- unqualified -->
    <scope_note>Catch-all for any description not defined by qualifiers.</scope_note>
  </dc-type>

  <!-- Used by system: do not remove -->
  <dc-type>
	<schema>dc</schema>
    <element>description</element>
    <qualifier>abstract</qualifier>
    <scope_note>Abstract or summary.</scope_note>
  </dc-type>

  <!-- Used by system: do not remove -->
  <dc-type>
	<schema>dc</schema>
    <element>description</element>
    <qualifier>provenance</qualifier>
    <scope_note>The history of custody of the item since its creation, including any changes successive custodians made to it.</scope_note>
  </dc-type>

  <!-- Used by system: do not remove -->
  <dc-type>
	<schema>dc</schema>
    <element>description</element>
    <qualifier>sponsorship</qualifier>
    <scope_note>Information about sponsoring agencies, individuals, or
    contractual arrangements for the item.</scope_note>
  </dc-type>

  <dc-type>
	<schema>dc</schema>
    <element>description</element>
    <qualifier>statementofresponsibility</qualifier>
    <scope_note>To preserve statement of responsibility from MARC records.</scope_note>
  </dc-type>

  <dc-type>
	<schema>dc</schema>
    <element>description</element>
    <qualifier>tableofcontents</qualifier>
    <scope_note>A table of contents for a given item.</scope_note>
  </dc-type>

  <dc-type>
	<schema>dc</schema>
    <element>description</element>
    <qualifier>uri</qualifier>
    <scope_note>Uniform Resource Identifier pointing to description of
    this item.</scope_note>
  </dc-type>

  <!-- Used by system: do not remove -->
  <dc-type>
	<schema>dc</schema>
    <element>format</element>
    <!-- unqualified -->
    <scope_note>Catch-all for any format information not defined by qualifiers.</scope_note>
  </dc-type>

  <!-- Used by system: do not remove -->
  <dc-type>
	<schema>dc</schema>
    <element>format</element>
    <qualifier>extent</qualifier>
    <scope_note>Size or duration.</scope_note>
  </dc-type>

  <dc-type>
	<schema>dc</schema>
    <element>format</element>
    <qualifier>medium</qualifier>
    <scope_note>Physical medium.</scope_note>
  </dc-type>

  <!-- Used by system: do not remove -->
  <dc-type>
	<schema>dc</schema>
    <element>format</element>
    <qualifier>mimetype</qualifier>
    <scope_note>Registered MIME type identifiers.</scope_note>
  </dc-type>

  <dc-type>
	<schema>dc</schema>
    <element>language</element>
    <!-- unqualified -->
    <scope_note>Catch-all for non-ISO forms of the language of the
    item, accommodating harvested values.</scope_note>
  </dc-type>

  <!-- Used by system: do not remove -->
  <dc-type>
	<schema>dc</schema>
    <element>language</element>
    <qualifier>iso</qualifier>
    <scope_note>Current ISO standard for language of intellectual content, including country codes (e.g. "en_US").</scope_note>
  </dc-type>

  <!-- Used by system: do not remove -->
  <dc-type>
	<schema>dc</schema>
    <element>publisher</element>
    <!-- unqualified -->
    <scope_note>Entity responsible for publication, distribution, or imprint.</scope_note>
  </dc-type>

  <dc-type>
	<schema>dc</schema>
    <element>relation</element>
    <!-- unqualified -->
    <scope_note>Catch-all for references to other related items.</scope_note>
  </dc-type>

  <dc-type>
	<schema>dc</schema>
    <element>relation</element>
    <qualifier>isformatof</qualifier>
    <scope_note>References additional physical form.</scope_note>
  </dc-type>

  <dc-type>
	<schema>dc</schema>
    <element>relation</element>
    <qualifier>ispartof</qualifier>
    <scope_note>References physically or logically containing item.</scope_note>
  </dc-type>

  <!-- Used by system: do not remove -->
  <dc-type>
	<schema>dc</schema>
    <element>relation</element>
    <qualifier>ispartofseries</qualifier>
    <scope_note>Series name and number within that series, if available.</scope_note>
  </dc-type>

  <dc-type>
	<schema>dc</schema>
    <element>relation</element>
    <qualifier>haspart</qualifier>
    <scope_note>References physically or logically contained item.</scope_note>
  </dc-type>

  <dc-type>
	<schema>dc</schema>
    <element>relation</element>
    <qualifier>isversionof</qualifier>
    <scope_note>References earlier version.</scope_note>
  </dc-type>

  <dc-type>
	<schema>dc</schema>
    <element>relation</element>
    <qualifier>hasversion</qualifier>
    <scope_note>References later version.</scope_note>
  </dc-type>

  <dc-type>
	<schema>dc</schema>
    <element>relation</element>
    <qualifier>isbasedon</qualifier>
    <scope_note>References source.</scope_note>
  </dc-type>

  <dc-type>
	<schema>dc</schema>
    <element>relation</element>
    <qualifier>isreferencedby</qualifier>
    <scope_note>Pointed to by referenced resource.</scope_note>
  </dc-type>

  <dc-type>
	<schema>dc</schema>
    <element>relation</element>
    <qualifier>requires</qualifier>
    <scope_note>Referenced resource is required to support function,
    delivery, or coherence of item.</scope_note>
  </dc-type>

  <dc-type>
	<schema>dc</schema>
    <element>relation</element>
    <qualifier>replaces</qualifier>
    <scope_note>References preceeding item.</scope_note>
  </dc-type>

  <dc-type>
	<schema>dc</schema>
    <element>relation</element>
    <qualifier>isreplacedby</qualifier>
    <scope_note>References succeeding item.</scope_note>
  </dc-type>

  <dc-type>
	<schema>dc</schema>
    <element>relation</element>
    <qualifier>uri</qualifier>
    <scope_note>References Uniform Resource Identifier for related item.</scope_note>
  </dc-type>

  <dc-type>
	<schema>dc</schema>
    <element>rights</element>
    <!-- unqualified -->
    <scope_note>Terms governing use and reproduction.</scope_note>
  </dc-type>

  <dc-type>
	<schema>dc</schema>
    <element>rights</element>
    <qualifier>uri</qualifier>
    <scope_note>References terms governing use and reproduction.</scope_note>
  </dc-type>

  <dc-type>
	<schema>dc</schema>
    <element>source</element>
    <!-- unqualified -->
    <scope_note>Do not use; only for harvested metadata.</scope_note>
  </dc-type>

  <dc-type>
	<schema>dc</schema>
    <element>source</element>
    <qualifier>uri</qualifier>
    <scope_note>Do not use; only for harvested metadata.</scope_note>
  </dc-type>

  <!-- Used by system: do not remove -->
  <dc-type>
	<schema>dc</schema>
    <element>subject</element>
    <!-- unqualified -->
    <scope_note>Uncontrolled index term.</scope_note>
  </dc-type>

  <dc-type>
	<schema>dc</schema>
    <element>subject</element>
    <qualifier>classification</qualifier>
    <scope_note>Catch-all for value from local classification system;
    global classification systems will receive specific qualifier</scope_note>
  </dc-type>

  <dc-type>
	<schema>dc</schema>
    <element>subject</element>
    <qualifier>ddc</qualifier>
    <scope_note>Dewey Decimal Classification Number</scope_note>
  </dc-type>

  <dc-type>
	<schema>dc</schema>
    <element>subject</element>
    <qualifier>lcc</qualifier>
    <scope_note>Library of Congress Classification Number</scope_note>
  </dc-type>

  <dc-type>
	<schema>dc</schema>
    <element>subject</element>
    <qualifier>lcsh</qualifier>
    <scope_note>Library of Congress Subject Headings</scope_note>
  </dc-type>

  <dc-type>
	<schema>dc</schema>
    <element>subject</element>
    <qualifier>mesh</qualifier>
    <scope_note>MEdical Subject Headings</scope_note>
  </dc-type>

  <dc-type>
	<schema>dc</schema>
    <element>subject</element>
    <qualifier>other</qualifier>
    <scope_note>Local controlled vocabulary; global vocabularies will receive specific qualifier.</scope_note>
  </dc-type>

  <!-- Used by system: do not remove -->
  <dc-type>
	<schema>dc</schema>
    <element>title</element>
    <!-- unqualified -->
    <scope_note>Title statement/title proper.</scope_note>
  </dc-type>

  <!-- Used by system: do not remove -->
  <dc-type>
	<schema>dc</schema>
    <element>title</element>
    <qualifier>alternative</qualifier>
    <scope_note>Varying (or substitute) form of title proper appearing in item,
    e.g. abbreviation or translation</scope_note>
  </dc-type>

  <!-- Used by system: do not remove -->
  <dc-type>
	<schema>dc</schema>
    <element>type</element>
    <!-- unqualified -->
    <scope_note>Nature or genre of content.</scope_note>
  </dc-type>


    <dc-type>
        <schema>dc</schema>
        <element>provenance</element>
        <!-- unqualified -->
        <scope_note></scope_note>
    </dc-type>

    <dc-type>
        <schema>dc</schema>
        <element>rights</element>
        <qualifier>license</qualifier>
        <scope_note></scope_note>
    </dc-type>

</dspace-dc-types>
